ID,RA,DEJ2000,Mass,z,SFR,NH,NH_err,OH,OH_err,,
6,149.92027,2.283297,1.13E+09,0.853915,8.471376,0.073351,0.018495,8.255161,0.073284,,
13,150.14436,2.241574,4.14E+09,0.845449,7.720948,0.183569,0.035993,8.481317,0.049636,,
14,150.19725,2.286323,7.40E+09,0.844147,7.968377,0.140848,0.030506,8.416766,0.060639,,
17,150.22769,2.161029,2.56E+09,0.837722,7.580946,0.111121,0.020816,8.356001,0.047809,,
22,150.26587,2.336187,5.72E+09,0.854378,6.691326,0.108487,0.023664,8.352832,0.059459,,
24,150.27321,2.273189,2.59E+10,0.850077,14.769753,0.420695,0.022189,8.685545,0.013222,,
26,150.28637,2.175375,1.31E+09,0.837025,6.58766,0.233089,0.052545,8.539817,0.060361,,
30,150.3014,1.904334,4.98E+09,0.835105,5.323626,0.262165,0.020544,8.569387,0.018758,,
32,150.30703,2.048213,1.07E+10,0.838363,3.756916,0.366295,0.065453,8.656188,0.043848,,
34,150.31317,1.915621,4.89E+09,0.833804,5.862547,0.398224,0.019957,8.671581,0.012682,,
35,150.32364,2.044072,1.13E+10,0.842692,9.248309,0.078489,0.027529,8.266534,0.108128,,
45,150.36004,1.937142,1.00E+10,0.83488,21.200686,0.142883,0.014904,8.417463,0.026584,,
48,150.37474,1.919405,4.38E+09,0.837241,4.140385,0.002799,0.045147,8.046515,0.273549,,
50,150.39017,1.914446,5.26E+09,0.843359,40.219852,0.009885,0.008641,7.798062,0.219611,,
51,150.40132,1.934495,1.71E+10,0.835544,7.325681,0.513732,0.016013,8.734845,0.007969,,
56,149.82975,1.994837,1.62E+09,0.847649,10.866064,0.063588,0.014738,8.219437,0.063368,,
59,149.84224,2.267644,8.73E+09,0.850111,12.592587,0.378702,0.023512,8.659246,0.015436,,
61,149.86917,1.972209,2.23E+09,0.837832,12.728601,0.017512,0.032266,8.010044,0.262053,,
63,149.88309,2.29249,3.67E+09,0.854809,8.757792,0.066517,0.034825,8.234106,0.170621,,
64,149.88943,2.252155,5.02E+09,0.839504,9.358646,0.309231,0.040332,8.607749,0.032583,,
66,150.30495,1.876348,2.25E+09,0.906428,3.26673,0.219641,0.025635,8.525824,0.030772,,
72,150.40686,1.952865,6.81E+09,0.868009,10.217667,0.220201,0.009438,8.525539,0.010822,,
75,150.34805,1.941696,6.75E+09,0.923379,9.797763,0.318624,0.031077,8.619073,0.024515,,
76,150.33095,1.879751,2.76E+09,0.838631,35.734406,0.03381,0.004675,8.059277,0.035193,,
78,150.30341,1.911286,2.17E+10,0.970004,15.216218,0.358328,0.014453,8.646584,0.009986,,
80,150.28482,1.9034,4.34E+09,0.880163,6.124621,0.155549,0.018393,8.438946,0.029578,,
81,150.28094,1.94412,1.48E+10,0.937734,17.422806,0.173718,0.01448,8.466861,0.020075,,
83,150.27069,1.930088,2.19E+09,0.833064,5.855901,0.072906,0.02074,8.250727,0.09329,,
84,150.26435,1.90013,9.75E+09,0.914106,18.650307,0.208285,0.009709,8.51199,0.011724,,
90,150.22238,1.878001,1.89E+10,0.840891,40.958683,0.21267,0.005317,8.517032,0.005947,,
101,150.35927,2.096201,4.46E+09,0.812051,10.872385,0.173888,0.026591,8.464074,0.039217,,
103,150.34424,1.96613,3.44E+09,0.838742,9.653196,0.17605,0.019028,8.469411,0.027717,,
104,150.34189,1.983266,1.55E+10,0.970478,36.401878,0.240563,0.008337,8.54734,0.008501,,
116,149.91111,2.097864,1.44E+10,0.884677,10.061852,0.526107,0.037674,8.739751,0.017824,,
117,149.90403,2.009161,6.15E+09,0.848693,12.522635,0.097834,0.017817,8.323609,0.046589,,
129,150.3284,2.176574,7.89E+09,0.849366,15.661805,0.176569,0.013783,8.471773,0.02036,,
133,150.31063,2.134291,1.63E+10,0.835022,10.369143,0.339027,0.016343,8.632365,0.012292,,
134,150.30968,2.193694,5.21E+09,0.851508,9.15585,0.081954,0.023482,8.277367,0.083513,,
136,150.2844,2.129633,9.57E+09,0.83793,6.405235,0.431277,0.037579,8.692236,0.02231,,
139,150.26761,2.178875,5.41E+09,0.929041,13.705878,0.22601,0.014392,8.532479,0.015914,,
144,150.22596,2.151669,9.48E+09,0.917786,19.878239,0.195303,0.008302,8.49552,0.010744,,
147,150.21367,2.186734,5.16E+09,0.837323,30.042286,0.10809,0.009483,8.348827,0.021589,,
153,150.1725,2.233619,1.81E+10,0.925154,8.365369,0.639414,0.026945,8.789027,0.010295,,
155,150.15234,2.21932,2.09E+10,0.92516,12.848326,0.457296,0.015171,8.706611,0.008313,,
156,150.15174,2.188685,2.40E+10,0.926978,28.031731,0.230066,0.006379,8.535853,0.006913,,
158,150.14251,2.208278,5.16E+09,0.846588,13.228522,0.210989,0.010456,8.514862,0.012391,,
159,150.13574,2.199431,1.66E+10,0.926691,9.341848,0.361961,0.019884,8.648935,0.013643,,
160,150.12229,2.243516,1.36E+10,0.803369,5.550819,0.514217,0.034466,8.734781,0.016505,,
162,150.0742,2.216964,1.31E+10,0.928241,8.066256,0.370107,0.025074,8.654716,0.017045,,
163,149.91691,2.252199,2.94E+09,0.855152,4.614719,0.255296,0.032264,8.562657,0.030586,,
170,150.27169,2.327293,6.93E+09,0.981557,14.69395,0.116779,0.014297,8.367662,0.030242,,
171,150.23446,2.311394,1.52E+10,0.91287,14.023154,0.220607,0.018337,8.526647,0.020846,,
181,53.034232,-27.798708,1.56E+10,0.841634,6.073988,0.021867,0.03605,8.07056,0.250281,,
182,53.058636,-27.79753,4.14E+09,0.998425,2.05381,5.788377,14.825298,9.520998,0.247364,,
186,53.176012,-27.796145,3.88E+10,0.996927,15.052476,0.199635,0.015449,8.501078,0.019299,,
188,53.090587,-27.790217,1.26E+10,0.997853,9.010407,0.250053,0.018872,8.556239,0.018535,,
190,53.1095,-27.788256,1.13E+10,0.994775,10.853564,0.247864,0.025529,8.553742,0.025904,,
192,53.048183,-27.783092,1.36E+10,0.814052,5.541494,0.417506,0.040143,8.683913,0.023983,,
193,53.040565,-27.780318,1.18E+10,0.96714,5.044891,0.393387,0.056837,8.671387,0.036502,,
198,53.151317,-27.76669,8.81E+09,0.893829,3.236534,0.382652,0.039632,8.661958,0.025038,,
207,53.028449,-27.763928,1.40E+10,0.845105,14.831153,0.2834,0.018978,8.587642,0.017227,,
209,53.063979,-27.751922,7.75E+09,0.860699,5.813215,0.144594,0.029181,8.421823,0.051323,,
210,53.068737,-27.746926,2.92E+10,0.975108,17.759787,0.284837,0.019147,8.589292,0.016782,,
214,53.050186,-27.740157,1.73E+09,0.839735,1.000998,0.322881,0.105304,8.619199,0.096907,,
218,53.021379,-27.730836,4.89E+09,0.805583,8.680037,0.253004,0.024225,8.560262,0.024069,,
219,53.061113,-27.726907,8.81E+09,0.978956,8.846344,0.320316,0.025187,8.618109,0.019859,,
231,53.030717,-27.694911,2.30E+09,0.861796,6.706135,0.168827,0.020338,8.460667,0.03093,,
232,53.202007,-27.90444,3.11E+10,0.839076,7.89396,0.350717,0.018742,8.641417,0.013343,,
239,53.071754,-27.902452,2.21E+10,0.960907,8.922523,0.22075,0.053855,8.528533,0.066877,,
243,53.131804,-27.893583,3.03E+09,0.986005,4.102712,0.056322,0.05198,8.209022,0.23103,,
244,53.280661,-27.894536,2.43E+10,0.804665,5.018022,0.25719,0.031341,8.563211,0.030528,,
256,53.229492,-27.87999,9.14E+09,0.847671,2.553368,0.542022,0.109067,8.748008,0.054076,,
265,53.121812,-27.862518,7.26E+09,0.962754,11.138489,0.161601,0.03106,8.446017,0.05175,,
273,53.104962,-27.84996,5.98E+09,0.840728,22.392618,1.230507,0.058651,8.95177,0.012046,,
274,53.25397,-27.848243,2.34E+10,0.837644,6.201741,0.602119,0.024147,8.774271,0.010106,,
275,53.240124,-27.844937,8.73E+09,0.964274,11.646244,0.318135,0.015087,8.617062,0.012111,,
279,53.239762,-27.830157,1.49E+10,0.977332,40.299519,0.274123,0.00936,8.579606,0.008679,,
280,53.191725,-27.753559,4.30E+09,0.837849,5.345197,0.084206,0.016777,8.291095,0.048892,,
283,53.115967,-27.950188,3.54E+09,0.80549,2.705137,0.015181,0.1078,8.266784,0.269381,,
284,53.063313,-27.706902,1.40E+10,0.844438,2.585398,0.194901,0.036102,8.490862,0.049534,,
286,53.191708,-27.676604,3.26E+09,0.976906,9.630795,0.282197,0.026277,8.586427,0.023658,,
293,53.008675,-27.630831,1.65E+09,0.804336,5.307692,0.076689,0.034065,8.263551,0.140689,,
311,52.977104,-27.869745,7.75E+09,0.863712,4.330819,0.251155,0.049398,8.560207,0.050222,,
312,53.019642,-27.869136,7.89E+09,0.834729,12.004214,0.386241,0.039778,8.665727,0.024672,,
318,53.261365,-27.835241,2.56E+10,0.837462,8.532702,0.358709,0.015273,8.646059,0.010466,,
322,333.51363,0.935492,2.13E+10,0.811226,13.771855,0.389191,0.011552,8.666502,0.007199,,
323,335.1313,1.146348,1.27E+10,0.807194,4.913834,0.267231,0.011433,8.574029,0.010552,,
324,333.55331,0.899878,2.30E+10,0.806316,2.883272,0.422126,0.01407,8.6869,0.008453,,
325,335.13126,1.135602,2.13E+10,0.809225,4.996111,0.499198,0.016829,8.728109,0.008463,,
326,332.99429,1.368574,1.71E+10,0.819677,9.030378,0.526571,0.019557,8.740973,0.00921,,
328,335.12713,1.127684,1.04E+10,0.807887,3.918056,0.283441,0.01471,8.588103,0.012442,,
330,333.51863,0.957464,7.75E+09,0.80472,6.387303,0.251829,0.013604,8.558413,0.013098,,
331,332.88903,1.232481,1.08E+10,0.821987,19.387028,0.237656,0.020945,8.544331,0.021701,,
332,335.11633,1.094168,3.92E+09,0.807658,6.947171,0.09858,0.011892,8.327898,0.030533,,
334,333.51922,0.945514,1.22E+10,0.813597,8.651536,0.269363,0.01197,8.575583,0.010903,,
335,334.70839,0.943408,8.97E+09,0.816637,5.682048,0.382956,0.022176,8.663637,0.014432,,
340,334.70462,1.005819,4.84E+09,0.813517,5.598529,0.242418,0.022496,8.55068,0.023094,,
346,334.95741,1.134019,1.95E+09,0.816892,7.439753,0.020898,0.01807,7.961353,0.228998,,
356,334.95313,1.130975,4.14E+10,0.816413,8.453109,0.440632,0.017648,8.697157,0.010176,,
357,335.09956,1.069603,2.49E+10,0.771997,12.042668,0.341819,0.008933,8.63405,0.006499,,
358,333.03586,1.417222,1.44E+10,0.815392,10.767673,0.345483,0.010356,8.637093,0.007555,,
363,334.96529,0.350249,1.36E+09,0.815117,3.559597,0.117861,0.029258,8.371798,0.066528,,
364,334.8627,0.395123,7.19E+09,0.808737,2.845086,0.136481,0.028014,8.405531,0.05352,,
367,334.83893,0.61186,1.03E+10,0.761876,3.357827,0.326477,0.045072,8.623814,0.035154,,
374,334.92257,0.657046,2.17E+10,0.803154,17.688704,0.334213,0.013463,8.628897,0.010019,,
375,334.86527,0.67064,5.46E+09,0.772521,8.226594,0.119216,0.014765,8.372049,0.030216,,
377,334.9134,0.68911,1.82E+10,0.813093,6.599304,0.291547,0.028783,8.594273,0.025144,,
378,334.84664,0.689954,1.74E+10,0.813035,4.380584,0.383839,0.024016,8.663279,0.015537,,
379,334.85286,0.690581,4.38E+09,0.811832,4.705218,0.340389,0.032472,8.631912,0.024809,,
385,334.95274,0.357901,1.07E+10,0.809068,3.073662,0.333586,0.024004,8.629684,0.017967,,
389,334.67752,0.959138,1.79E+10,0.836124,10.054467,0.328554,0.023412,8.623802,0.018422,,
392,334.69145,0.942235,6.04E+09,0.901852,5.831935,0.260691,0.031265,8.568981,0.030369,,
393,334.70233,0.970463,8.97E+09,0.800439,4.325145,0.318468,0.027367,8.61742,0.02243,,
394,334.70397,0.949212,2.76E+09,0.817341,11.151654,0.142028,0.01566,8.417904,0.027397,,
395,334.70577,0.952105,1.36E+10,0.97406,15.504681,0.24543,0.013186,8.552641,0.013271,,
397,334.71061,0.986036,2.02E+10,0.81507,5.608865,0.424062,0.020558,8.687867,0.011728,,
406,335.18769,0.952247,4.62E+10,0.807909,8.285051,0.729844,0.024013,8.821877,0.008222,,
407,335.2039,0.928203,1.33E+09,0.899176,2.778525,0.274126,0.036935,8.579767,0.033832,,
414,334.93916,1.154911,3.00E+10,0.973408,22.9034,0.266181,0.009286,8.572155,0.008449,,
416,335.11229,1.092589,1.15E+10,0.818408,12.2391,0.198456,0.008934,8.499533,0.011061,,
425,332.97891,1.40825,3.00E+10,0.821539,5.905786,0.18795,0.026522,8.487034,0.035106,,
426,332.98464,1.34165,1.05E+10,0.818541,5.943438,0.223451,0.026626,8.528934,0.029232,,
427,332.98926,1.370989,9.31E+10,0.927872,20.467503,0.325787,0.01467,8.622244,0.010588,,
431,333.00058,1.412536,7.82E+09,0.855393,4.600147,0.018616,0.015842,7.945642,0.223517,,
433,333.01173,1.393974,8.34E+09,0.853701,5.074567,0.056477,0.019139,8.192872,0.112199,,
435,333.02116,1.432605,4.03E+10,0.815544,12.676394,0.403788,0.020357,8.675286,0.012656,,
438,332.93317,1.255738,2.76E+10,0.85694,16.056931,0.470713,0.024761,8.713139,0.012873,,
439,332.94008,1.268842,5.72E+10,0.844863,22.90419,0.367908,0.039351,8.652814,0.026255,,
443,332.94645,1.270844,3.03E+10,0.99394,16.442442,0.129314,0.047105,8.392023,0.127564,,
448,332.96737,1.225571,1.40E+10,0.8429,7.292426,0.223855,0.021925,8.528455,0.024359,,
459,333.2628,1.404288,3.88E+10,0.874804,24.666697,0.504376,0.009143,8.730621,0.004265,,
463,333.24155,1.464836,1.32E+10,0.826144,8.138556,0.291549,0.013733,8.594853,0.01187,,
464,333.23271,1.439974,4.46E+09,0.872788,7.011737,0.104832,0.025583,8.33838,0.063713,,
484,335.10118,1.207863,3.71E+10,0.996065,4.668196,0.353721,0.033594,8.643096,0.02319,,
486,335.11429,1.163868,8.11E+09,0.839939,7.783638,0.336427,0.015121,8.630655,0.011553,,
488,335.12037,1.19886,5.72E+09,0.819441,4.339232,0.267067,0.071246,8.570069,0.070413,,
490,335.1377,1.266361,4.34E+10,0.970097,12.448505,0.193967,0.020146,8.49396,0.026143,,
491,335.15221,1.278837,1.04E+09,0.800894,2.726194,0.384649,0.082419,8.666862,0.058365,,
495,335.16473,1.234966,2.61E+10,0.961953,8.24692,0.285923,0.023655,8.589537,0.02049,,
506,334.97769,1.224832,2.19E+10,0.969577,10.925646,0.033713,0.039229,8.137637,0.228583,,
510,335.00091,1.164537,5.77E+09,0.821218,2.907285,0.132224,0.032634,8.397039,0.067089,,
511,335.01124,1.173127,2.32E+10,0.96121,3.825425,1.135746,0.072946,8.930338,0.015714,,
512,335.01294,1.204718,3.03E+10,0.822108,2.948566,0.143583,0.031105,8.418385,0.058582,,
516,333.26176,1.468715,2.25E+09,0.884981,22.114122,0.047598,0.01209,8.148177,0.071529,,
517,333.26335,1.496136,9.23E+09,0.872904,8.239427,0.398412,0.025371,8.672905,0.015868,,
521,333.50528,0.951796,1.56E+09,0.809772,32.497898,0.02213,0.007497,7.951935,0.105682,,
525,333.54812,0.89678,1.73E+10,0.823754,5.43085,0.507071,0.022768,8.732277,0.010751,,
528,333.53161,0.916183,5.31E+10,0.82247,6.262027,0.135979,0.01928,8.407215,0.035156,,
529,333.54106,0.94326,8.57E+10,0.967326,8.51197,0.225131,0.014854,8.530167,0.016444,,
535,334.66104,0.939539,7.06E+10,0.924319,4.313729,0.211467,0.023723,8.516138,0.028367,,
547,34.505617,-4.733712,1.40E+10,0.602073,0.906851,0.584244,0.057451,8.767611,0.02512,,
554,34.530929,-4.742256,1.81E+10,0.841097,3.110213,0.550244,0.037478,8.752468,0.016941,,
558,34.57145,-5.015081,3.85E+09,0.840074,9.639894,0.126665,0.019916,8.391858,0.039659,,
560,34.578412,-4.958827,2.28E+10,0.841549,5.908571,0.541121,0.032717,8.747576,0.014907,,
561,34.588317,-5.000393,9.93E+08,0.839251,6.834126,0.025993,0.027261,8.059729,0.244894,,
563,34.609575,-4.783706,1.08E+10,0.841691,10.16256,0.090979,0.016295,8.307974,0.048101,,
565,34.61565,-4.761785,1.42E+09,0.834914,3.350186,0.229589,0.067309,8.535176,0.087145,,
572,34.852354,-4.737971,1.11E+10,0.839485,8.16366,0.183045,0.017892,8.479808,0.024188,,
574,34.896675,-4.694981,9.66E+09,0.836158,9.07939,0.069437,0.014897,8.241995,0.056052,,
576,34.228033,-4.978422,6.10E+09,0.835748,13.352561,0.146789,0.008891,8.424416,0.014944,,
578,34.241733,-5.040721,1.55E+10,0.834664,10.08897,0.359609,0.015457,8.647048,0.010454,,
583,34.280683,-4.993241,3.78E+10,0.833836,6.74976,0.498297,0.029964,8.727306,0.014922,,
584,34.291542,-4.753947,9.75E+09,0.963471,5.35676,0.460076,0.036286,8.708188,0.020154,,
585,34.312479,-5.208119,1.69E+10,0.802994,6.590471,0.447331,0.056094,8.699491,0.03256,,
586,34.357912,-5.183929,6.38E+09,0.8545,15.722728,0.218795,0.044091,8.524196,0.052535,,
587,34.378942,-4.996826,4.03E+09,0.857682,8.723284,0.046714,0.034762,8.167798,0.220285,,
590,34.425362,-4.711541,7.33E+09,0.866782,19.553028,0.17848,0.014671,8.472911,0.020786,,
591,34.426967,-4.986346,2.54E+09,0.856187,3.385721,0.179351,0.036662,8.471553,0.051885,,
595,34.463679,-4.70045,4.80E+09,0.839033,8.562275,0.144453,0.034267,8.420921,0.068165,,
598,34.477787,-4.741861,3.29E+10,0.839855,13.036518,0.225476,0.013023,8.531497,0.014153,,
603,34.318075,-4.999336,1.31E+10,0.807771,57.854279,0.177308,0.008515,8.471865,0.012178,,
613,34.839746,-4.834351,1.01E+10,0.899761,13.746511,0.185555,0.019111,8.484444,0.025849,,
614,34.824854,-4.830725,5.72E+09,0.900674,14.729548,0.167957,0.020569,8.458324,0.031175,,
615,34.263587,-4.808001,9.66E+09,0.834815,21.257727,0.270236,0.016214,8.576477,0.015381,,
616,34.236117,-4.795798,3.71E+10,0.882185,7.203633,0.935306,0.040907,8.883924,0.010756,,
618,34.244358,-4.750436,3.32E+10,0.882541,7.044352,0.219486,0.043515,8.52367,0.051022,,
621,34.324596,-5.028073,4.26E+10,0.821199,12.655284,1.342171,0.044768,8.97314,0.008162,,
645,34.37895,-5.027785,2.43E+10,0.799755,6.337204,0.612066,0.046595,8.778531,0.019117,,
651,34.834208,-4.89343,1.62E+10,0.826691,16.014072,0.297365,0.00644,8.599828,0.005304,,
660,34.221542,-4.996918,1.49E+09,0.808133,4.646482,0.122383,0.028612,8.376747,0.063968,,
666,34.301254,-4.787096,3.99E+10,0.99341,8.453945,0.726612,0.03291,8.821301,0.011396,,
669,34.567838,-4.728418,1.40E+10,0.843821,15.845564,0.249678,0.031445,8.557864,0.032263,,
674,34.815446,-4.669455,1.10E+10,0.841361,12.978795,0.292352,0.013989,8.595954,0.011615,,
677,34.835921,-4.687934,1.31E+10,0.841548,29.044125,0.16524,0.006087,8.454568,0.00891,,
681,34.846358,-4.677513,1.91E+10,0.919619,10.735551,0.541265,0.025555,8.748182,0.011618,,
682,34.854896,-4.671353,3.20E+10,0.933924,9.510341,0.714966,0.029009,8.816696,0.010513,,
685,34.878696,-4.684166,2.45E+10,0.918656,6.621798,0.347767,0.018405,8.638976,0.01299,,
692,34.5232,-4.67334,1.19E+10,0.840196,28.364206,0.008106,0.009402,7.779089,0.236893,,
693,34.526733,-4.750314,2.04E+10,0.865617,11.452482,0.858939,0.032525,8.862091,0.009526,,
696,34.79195,-4.8298,2.43E+10,0.888621,10.959334,0.350004,0.013325,8.639868,0.009354,,
697,34.803283,-4.896532,2.13E+10,0.920382,7.050391,0.366815,0.028145,8.652661,0.019183,,
698,34.807896,-4.895741,1.96E+10,0.918762,8.775209,0.338849,0.027278,8.63149,0.01938,,
700,34.816096,-4.861986,1.16E+10,0.890682,17.885323,0.28623,0.014708,8.590549,0.012946,,
702,34.832271,-4.883719,4.80E+09,0.899871,4.111005,0.202098,0.02964,8.505968,0.036749,,
703,34.838837,-4.884937,1.19E+10,0.870447,20.44948,0.141087,0.007876,8.414492,0.013547,,
704,34.850996,-4.889663,2.89E+10,0.917181,4.555819,0.416892,0.019777,8.682601,0.012125,,
705,34.852317,-4.845738,1.10E+10,0.900589,8.227641,0.224287,0.031363,8.53016,0.036314,,
706,34.859437,-4.860549,4.84E+10,0.918021,6.117105,0.377204,0.049894,8.662392,0.032672,,
709,34.869571,-4.887391,2.97E+10,0.920393,4.652117,0.488577,0.039468,8.722828,0.019913,,
711,34.655721,-4.778992,3.74E+09,0.845614,4.881505,0.024659,0.036589,8.076344,0.228044,,
716,34.512313,-4.849109,3.81E+09,0.804339,2.182631,0.185601,0.064153,8.484807,0.1109,,
720,34.362608,-5.023573,4.10E+09,0.860403,19.321913,0.058088,0.03435,8.208024,0.189781,,
722,34.400504,-5.022172,4.98E+09,0.857262,2.775244,0.088201,0.029547,8.303897,0.107785,,
723,34.403671,-5.010477,8.73E+09,0.973279,18.0632,0.177142,0.028416,8.47066,0.040711,,
726,34.433646,-5.073712,1.17E+10,0.878041,18.43984,0.20491,0.011584,8.507935,0.01377,,
727,34.462696,-5.050731,3.88E+10,0.872437,34.084507,0.471612,0.014287,8.713485,0.007434,,
728,34.593562,-5.021369,3.67E+09,0.839488,5.97043,0.085329,0.027909,8.293452,0.093315,,
729,34.268433,-4.828694,4.46E+09,0.869958,9.78688,0.217791,0.050188,8.526361,0.06185,,
732,34.188342,-4.985447,9.48E+09,0.802184,6.211658,0.334439,0.027628,8.629141,0.020453,,
733,34.199733,-4.968167,9.48E+09,0.802144,8.346926,0.287263,0.044096,8.590308,0.040876,,
735,34.252142,-5.016543,1.57E+10,0.988869,15.117079,0.156823,0.010599,8.442283,0.016687,,
737,34.285354,-4.974764,6.50E+09,0.896876,6.821949,0.273935,0.040524,8.578777,0.036083,,
739,34.325421,-5.040859,1.77E+10,0.922664,16.682289,0.224628,0.009935,8.530422,0.01091,,
5,149.91857,2.113262,1.27E+10,0.849777,5.025137,0.4986,0.044285,8.727414,0.022065,,
15,150.21813,2.115397,3.23E+09,1.01372,1.997514,0.282561,0.052072,8.588731,0.046245,,
18,150.23394,2.126034,5.36E+09,0.837771,8.124758,0.349333,0.014455,8.640347,0.010534,,
21,150.25927,2.324294,4.30E+09,0.842185,5.208946,0.07889,0.0383,8.268285,0.155945,,
25,150.27355,1.882704,1.07E+10,0.837601,6.380709,0.256047,0.016964,8.563569,0.016165,,
28,150.29337,1.885821,2.25E+09,0.839406,3.479079,0.157664,0.032384,8.442637,0.055568,,
29,150.29886,2.19363,3.71E+09,0.835713,3.86639,0.509679,0.051439,8.732069,0.024628,,
33,150.30926,2.185492,6.81E+09,0.837046,6.590428,0.411332,0.025401,8.679817,0.015164,,
38,150.32879,2.004896,1.30E+10,0.838768,3.194515,0.352311,0.068495,8.642262,0.050585,,
41,150.34748,2.133901,1.35E+10,0.850864,1.603822,0.563775,0.11771,8.761362,0.055401,,
44,150.35696,1.909348,3.41E+09,0.854812,2.686875,0.258048,0.040482,8.561489,0.039337,,
46,150.36298,1.943823,1.96E+10,0.85378,16.76013,0.387259,0.014012,8.665382,0.008713,,
52,150.40989,2.083741,1.30E+10,0.853802,2.423414,0.814253,0.111627,8.848834,0.033933,,
53,149.80901,2.026921,1.82E+10,0.846738,14.73625,0.37484,0.024406,8.656993,0.016215,,
57,149.83392,2.047766,2.94E+09,0.806378,2.645937,0.518152,0.199556,8.735918,0.140042,,
65,149.89948,2.002861,3.23E+09,0.849309,3.227891,0.129377,0.033139,8.393687,0.072951,,
67,149.9464,2.30252,2.86E+10,0.888595,6.943521,0.282068,0.018292,8.586583,0.016081,,
70,150.35104,1.986955,1.59E+10,0.829026,11.836962,0.37542,0.016082,8.658029,0.010539,,
74,150.39053,1.957027,3.92E+10,0.96041,18.843822,0.341732,0.006972,8.634384,0.005047,,
77,150.3152,1.895164,7.47E+09,0.839319,10.90476,0.415757,0.010639,8.683381,0.006143,,
86,150.24601,1.854097,3.99E+09,0.837416,4.441936,0.187813,0.021968,8.483609,0.02981,,
88,150.30803,1.916526,1.76E+10,0.896928,6.950065,0.29613,0.02141,8.5996,0.018023,,
89,150.23447,1.906586,4.42E+09,0.955679,12.976546,0.272392,0.017061,8.577202,0.015956,,
92,150.41056,2.079824,3.11E+10,0.961797,7.75402,0.063215,0.030768,8.223159,0.162024,,
94,150.39563,1.983916,2.13E+10,1.041979,5.413836,0.069663,0.023005,8.243118,0.103123,,
95,150.38941,1.984205,2.69E+10,0.82885,3.552206,0.230143,0.035063,8.534795,0.037783,,
97,150.3797,2.014664,2.19E+10,0.84267,3.775881,0.842246,0.067311,8.856813,0.019389,,
99,150.3701,2.042303,4.30E+10,0.974134,12.114727,0.764777,0.035312,8.833771,0.011063,,
107,149.97116,2.049829,2.54E+10,0.800873,6.466073,0.45815,0.021186,8.707599,0.01128,,
108,149.96944,2.063131,5.12E+09,0.8873,2.907091,0.311666,0.040236,8.609643,0.031457,,
111,149.94376,2.114781,2.02E+10,0.894797,6.020615,0.719793,0.084544,8.818316,0.029165,,
112,149.93803,2.086764,7.19E+09,0.886578,4.488602,0.008157,0.03044,7.979612,0.281335,,
118,149.90277,2.059139,1.18E+10,0.952926,7.949136,0.175615,0.027958,8.467231,0.040083,,
119,149.8928,2.021861,2.49E+10,0.855195,7.839318,0.257228,0.016998,8.56308,0.016451,,
121,149.83053,2.029764,4.10E+09,0.888067,15.12173,0.017353,0.020581,7.940206,0.233802,,
122,149.81511,1.983512,1.98E+10,0.96,7.907315,0.61903,0.020772,8.781673,0.008435,,
123,150.32104,2.08066,1.26E+10,0.869109,7.677766,0.362546,0.02437,8.649473,0.017078,,
124,150.34824,2.182325,4.80E+09,0.924073,8.533735,0.122117,0.016889,8.376568,0.036066,,
125,150.34758,2.157299,5.98E+09,0.898285,5.840837,0.076572,0.023315,8.269315,0.087052,,
132,150.31152,2.129788,4.14E+10,0.873949,7.595565,0.502349,0.03668,8.728904,0.017673,,
135,150.29667,2.262943,2.04E+10,0.980206,10.033716,0.338355,0.031047,8.631682,0.024055,,
137,150.27377,2.148574,6.21E+09,0.919254,11.055478,0.175684,0.01933,8.471197,0.027137,,
141,150.2414,2.137849,3.00E+10,0.982166,8.293733,0.456665,0.01824,8.706368,0.009723,,
143,150.22616,2.156818,1.60E+10,0.91397,2.527171,0.078125,0.041206,8.273015,0.162436,,
145,150.22445,2.198691,1.14E+10,0.91395,9.12984,0.194622,0.017789,8.49433,0.022903,,
146,150.21607,2.154343,1.01E+10,0.916858,4.727051,0.482727,0.020461,8.719034,0.010549,,
149,150.21138,2.144704,1.50E+10,0.929461,8.094914,0.180731,0.017198,8.478397,0.023894,,
150,150.20052,2.21833,2.23E+10,0.879092,21.230667,0.521174,0.013058,8.738643,0.006062,,
151,150.19609,2.144094,5.16E+09,0.916525,4.866759,0.171218,0.019521,8.463261,0.029207,,
152,150.18657,2.208634,2.15E+10,0.891499,24.917652,0.451065,0.010006,8.702613,0.005508,,
154,150.16783,2.247134,1.52E+10,0.867737,15.276547,0.432387,0.016108,8.691777,0.009275,,
157,150.1494,2.196627,7.00E+09,0.924618,9.07836,0.385521,0.017486,8.664309,0.011326,,
161,150.10604,2.213157,1.82E+10,0.924894,9.066468,0.600596,0.029502,8.773527,0.011656,,
165,149.89334,2.220069,6.56E+09,0.88504,4.675624,0.406012,0.044354,8.677361,0.027145,,
166,149.88048,2.223129,4.06E+09,0.885444,5.8729,0.033746,0.031035,8.091269,0.22537,,
172,53.098858,-27.945836,5.72E+08,0.804351,1.222016,0.030033,0.137586,8.345748,0.283343,,
173,53.125496,-27.921638,8.26E+09,0.953736,3.743908,0.59778,0.146204,8.770902,0.066242,,
176,53.206595,-27.816604,8.49E+09,0.961348,7.441643,0.184907,0.022503,8.480259,0.032069,,
180,53.029221,-27.798147,1.13E+10,0.841438,1.699529,0.983349,0.214446,8.892089,0.059892,,
183,53.034108,-27.797786,2.74E+10,0.841298,12.05889,0.702658,0.022578,8.812501,0.008123,,
184,53.169833,-27.918191,6.27E+10,0.976393,35.133102,0.138537,0.025685,8.410337,0.046634,,
185,53.023567,-27.796975,5.16E+09,0.896989,7.757151,0.213672,0.025726,8.517188,0.029449,,
189,53.066133,-27.789635,1.23E+10,0.895531,4.372199,0.214587,0.020499,8.517136,0.024595,,
194,53.058332,-27.776186,1.23E+10,0.837407,2.149323,0.205572,0.054069,8.504919,0.076262,,
197,53.058928,-27.768265,6.32E+09,0.964913,2.230856,0.811371,0.109115,8.845939,0.032663,,
199,53.100662,-27.766758,3.78E+09,0.892595,4.805378,0.191611,0.081924,8.501402,0.129391,,
201,53.000561,-27.760439,3.29E+10,0.86201,11.08714,0.493474,0.021788,8.725068,0.010933,,
204,53.1119,-27.757886,3.00E+10,0.831684,6.310725,0.60332,0.04379,8.775186,0.018466,,
205,53.234828,-27.911937,3.17E+09,0.96359,3.561212,0.171479,0.078256,8.464067,0.153982,,
206,53.024782,-27.755667,5.82E+09,0.974209,6.573429,0.053821,0.10021,8.318933,0.2614,,
208,53.096024,-27.752631,1.44E+10,0.995268,2.040396,0.562034,0.158314,8.755069,0.082998,,
220,53.004736,-27.725085,4.06E+10,0.997614,7.670614,0.611935,0.058596,8.780564,0.023545,,
221,52.992479,-27.719661,9.23E+09,0.840016,7.011338,0.252872,0.018383,8.557021,0.017961,,
222,53.059446,-27.715074,5.56E+09,0.813878,3.808347,0.202385,0.040924,8.501904,0.055431,,
223,53.187958,-27.715441,1.09E+10,1.03882,8.872088,0.466387,0.052339,8.710487,0.028083,,
224,53.12085,-27.715432,4.54E+10,1.040351,5.643793,0.283548,0.033945,8.587631,0.029708,,
225,53.009249,-27.713472,8.11E+09,0.970727,9.148097,0.070076,0.029897,8.239244,0.133262,,
226,52.999271,-27.711333,9.48E+09,0.821742,3.413009,0.273523,0.042913,8.577584,0.040129,,
228,53.252771,-27.903958,1.93E+10,0.849374,15.493598,0.315399,0.01291,8.614059,0.010165,,
229,53.022046,-27.701336,4.30E+09,0.861065,3.959751,0.151831,0.029112,8.432719,0.051741,,
230,53.011267,-27.700448,2.86E+10,0.820058,4.916965,0.279934,0.024594,8.584341,0.021967,,
234,53.061,-27.688003,5.61E+09,0.819842,3.969876,0.028122,0.027329,8.058751,0.234614,,
236,53.085425,-27.683,1.49E+10,0.893907,9.163923,0.346406,0.01951,8.637012,0.014095,,
238,53.147317,-27.657068,8.26E+09,0.838415,1.709029,0.27358,0.063079,8.577795,0.06271,,
240,53.141867,-27.901838,1.31E+10,0.823132,6.95575,0.364207,0.026474,8.650739,0.017714,,
241,53.210574,-27.899188,5.26E+09,0.976142,4.435857,0.229924,0.038643,8.538197,0.045591,,
246,53.146158,-27.891964,2.49E+09,0.890221,4.04429,0.055064,0.048083,8.2076,0.214953,,
247,53.232721,-27.891096,3.14E+10,0.981888,7.04496,0.477951,0.022779,8.716677,0.011557,,
249,53.213253,-27.88562,1.93E+10,0.981514,12.567074,0.404421,0.014712,8.676117,0.009313,,
250,53.179196,-27.884523,1.81E+09,0.908406,3.790895,0.046002,0.114021,8.323552,0.275737,,
254,53.250457,-27.880857,1.14E+10,0.885167,5.804957,0.298905,0.021964,8.602074,0.017668,,
257,53.119813,-27.924779,1.76E+09,0.822924,2.954282,0.480499,0.073657,8.717495,0.038973,,
258,53.191153,-27.87299,9.93E+09,0.981826,12.575951,0.074439,0.016457,8.255262,0.063015,,
259,53.093917,-27.872653,1.05E+10,0.841964,9.350599,0.645395,0.047517,8.792307,0.018466,,
260,53.106333,-27.869237,9.14E+09,0.953528,7.045903,0.066478,0.02892,8.240547,0.127934,,
261,53.213649,-27.864463,4.06E+09,0.981007,7.636923,0.151424,0.03584,8.433902,0.060299,,
263,53.173932,-27.865018,2.94E+10,0.858494,6.92278,0.422823,0.024599,8.687037,0.01445,,
264,53.061725,-27.865891,2.47E+09,0.99047,2.968367,0.153622,0.079656,8.447476,0.166598,,
268,53.207174,-27.921448,1.60E+10,0.98081,4.671083,0.033835,0.058469,8.191032,0.2573,,
269,53.175286,-27.852558,3.81E+09,0.963062,7.666198,0.015704,0.023378,7.977145,0.240036,,
270,53.0707,-27.850593,1.13E+10,0.990444,21.496243,0.185748,0.026817,8.484156,0.036696,,
276,53.051442,-27.843192,5.56E+09,0.841481,1.840532,0.531177,0.081846,8.744395,0.039142,,
277,53.053154,-27.836863,9.84E+09,0.963828,15.260937,0.08631,0.017542,8.29434,0.05261,,
282,52.974924,-27.732698,1.88E+10,0.821781,6.79387,0.188995,0.044782,8.486164,0.067417,,
285,53.1238,-27.945738,2.28E+09,0.804401,2.890684,0.222393,0.099773,8.522845,0.151542,,
287,53.208233,-27.676117,2.34E+10,0.971498,6.806122,0.209718,0.023087,8.514151,0.028341,,
289,53.017767,-27.665741,2.49E+09,0.959315,3.959732,0.177191,0.045985,8.468637,0.075072,,
292,53.166946,-27.635718,4.75E+10,0.966156,17.336317,0.40296,0.038459,8.67582,0.023533,,
301,53.115583,-27.914372,1.31E+10,0.964414,8.286149,0.267424,0.025204,8.573184,0.02341,,
308,53.131287,-27.878137,1.25E+10,0.980315,10.960478,0.149836,0.039793,8.429866,0.076824,,
314,53.095137,-27.85678,1.41E+10,0.904534,9.966315,0.039164,0.091072,8.267111,0.265595,,
315,53.010946,-27.854535,5.61E+09,0.990582,8.189506,0.201516,0.039788,8.504985,0.05398,,
316,53.016221,-27.851916,2.17E+10,0.990851,11.659669,0.193329,0.021643,8.492729,0.027348,,
317,53.266133,-27.840513,5.31E+10,0.890048,22.445621,0.428451,0.014911,8.689831,0.008894,,
327,335.12291,0.945789,1.16E+10,0.808622,4.848746,0.276647,0.01931,8.582168,0.017581,,
329,333.48227,0.974352,3.71E+10,0.806832,4.510507,0.379345,0.032535,8.660542,0.021287,,
333,332.96254,1.370685,1.08E+10,0.819212,7.645816,0.21143,0.015641,8.515803,0.018633,,
337,332.985,1.401617,9.84E+09,0.816476,6.169885,0.377534,0.031485,8.659514,0.020294,,
338,334.64522,1.216003,5.26E+09,0.804707,2.319489,0.403455,0.118954,8.675961,0.083004,,
339,335.12018,1.098645,1.35E+10,0.808839,1.830485,0.414003,0.031582,8.681862,0.018955,,
341,335.18977,1.001649,4.80E+09,0.80922,2.376402,0.285803,0.081762,8.590441,0.082464,,
342,335.18564,1.226966,6.15E+08,0.810596,7.340143,0.00706,0.016142,7.838713,0.249992,,
343,333.49718,0.963597,4.50E+09,0.808251,6.299969,0.123631,0.026413,8.381377,0.05622,,
344,335.17161,1.186396,4.22E+09,0.806174,2.424575,0.27464,0.110714,8.58545,0.132165,,
345,335.11587,0.976976,2.09E+09,0.811674,4.526156,0.137532,0.054712,8.413603,0.131997,,
347,332.98972,1.356458,1.14E+09,0.863836,3.298247,0.073419,0.045883,8.268209,0.21727,,
350,334.68987,0.914718,1.50E+09,0.810395,6.865965,0.161243,0.024451,8.449039,0.038975,,
353,334.98443,1.222688,2.92E+09,1.030232,9.302332,0.502944,0.047512,8.728774,0.023046,,
354,334.69891,0.910421,8.26E+08,0.759135,2.752313,0.1133,0.033865,8.355742,0.089389,,
359,335.10286,1.107214,3.51E+10,0.818791,9.657615,0.28119,0.008859,8.586325,0.007899,,
362,334.92108,0.376181,2.84E+09,0.809729,2.400462,0.244551,0.032008,8.551912,0.032036,,
366,334.88299,0.603215,9.31E+09,0.813075,4.259087,0.407055,0.04744,8.677635,0.030009,,
370,334.93153,0.639484,3.26E+09,0.77233,7.796099,0.094666,0.016872,8.316605,0.044705,,
371,334.92612,0.642104,2.71E+10,0.803849,9.758917,0.35208,0.018873,8.641438,0.01371,,
372,334.82749,0.645524,9.66E+09,0.81216,6.72368,0.334442,0.026483,8.629128,0.019974,,
373,334.87294,0.647797,4.98E+09,0.817217,7.611793,0.103957,0.023775,8.343419,0.059045,,
376,334.87746,0.675422,5.88E+09,0.81218,9.653955,0.155243,0.031562,8.434926,0.053593,,
380,334.87748,0.693089,7.47E+09,0.81557,5.639905,0.327555,0.03255,8.623569,0.024785,,
381,334.88518,0.695089,5.56E+09,0.808946,4.832304,0.23747,0.036385,8.542439,0.03779,,
383,334.89321,0.38346,3.95E+10,0.808807,3.770931,0.420863,0.020399,8.685349,0.012477,,
384,334.94566,0.417368,2.25E+10,0.813196,6.779727,1.138699,0.040031,8.932193,0.008923,,
387,334.66894,0.986902,7.13E+09,0.968142,14.781085,0.639985,0.093818,8.788657,0.036737,,
388,334.67145,0.898733,1.88E+10,0.840076,6.490273,0.129576,0.018787,8.393979,0.037386,,
398,334.72034,0.945933,6.75E+09,0.79953,5.665287,0.31288,0.017856,8.611417,0.014296,,
399,335.12927,0.916221,2.00E+10,0.808793,2.51999,0.483976,0.058051,8.720978,0.029887,,
400,335.14017,0.928075,5.77E+10,0.994432,1.702878,0.047676,0.04068,8.183584,0.210948,,
403,335.17094,0.941725,4.34E+10,0.809431,3.705451,0.536108,0.028393,8.745132,0.013429,,
404,335.17615,0.929754,4.80E+10,1.002633,3.934526,0.45456,0.150391,8.702892,0.096341,,
409,335.21771,0.942796,1.06E+10,0.808351,4.644651,0.24239,0.021206,8.55005,0.022222,,
410,334.97339,1.141339,2.04E+10,0.815552,3.256602,0.054299,0.033761,8.183332,0.172627,,
411,334.96487,1.147569,1.93E+10,0.815467,4.034405,0.39844,0.042949,8.670324,0.027438,,
413,334.9442,1.123363,1.15E+10,0.815232,4.805055,0.304614,0.057022,8.605822,0.049322,,
418,335.09771,1.153389,1.15E+10,0.820925,10.959449,0.194132,0.013291,8.495489,0.016642,,
419,335.09328,1.103287,1.38E+10,0.924631,5.29496,0.33132,0.016886,8.625806,0.013286,,
420,335.07601,1.129207,1.48E+10,0.924575,6.30057,0.109366,0.016337,8.353102,0.037316,,
421,335.07024,1.108054,2.13E+10,0.84101,8.197574,0.367405,0.020728,8.651297,0.014732,,
422,335.06131,1.100784,4.34E+10,0.83248,5.733787,0.471105,0.017919,8.713961,0.009561,,
423,335.04391,1.153878,1.15E+10,0.96366,8.018119,0.034266,0.015482,8.06111,0.142856,,
424,335.13548,1.119646,1.81E+10,0.861705,4.76216,0.45036,0.017786,8.702969,0.009414,,
428,332.99358,1.450671,5.88E+09,0.862062,7.703831,0.163506,0.029998,8.451982,0.047081,,
436,333.02568,1.376925,3.14E+10,0.842992,13.198874,0.225292,0.008586,8.531442,0.009584,,
437,332.92759,1.224242,1.96E+10,0.921647,20.432943,0.42227,0.025692,8.686179,0.014798,,
442,332.94746,1.233469,2.40E+09,0.81998,2.551036,0.427304,0.096459,8.687798,0.058609,,
444,332.95218,1.239408,8.81E+09,0.923831,4.517955,0.093547,0.035621,8.320014,0.126164,,
446,332.95536,1.253273,3.92E+10,0.893074,3.984564,0.172842,0.022896,8.467554,0.033965,,
447,332.95829,1.223348,1.56E+10,0.843151,9.331909,0.15014,0.01351,8.430545,0.023121,,
449,332.96881,1.242086,3.26E+10,0.844487,3.76724,0.41327,0.032639,8.68231,0.020218,,
452,332.97796,1.257851,1.14E+10,0.946396,24.323801,0.105324,0.007722,8.342154,0.018165,,
453,333.00092,1.234724,1.06E+10,0.855849,15.306462,0.164821,0.013936,8.453259,0.021537,,
454,335.12437,0.966718,2.30E+10,0.823964,17.443268,0.283256,0.020279,8.587564,0.018223,,
455,333.28548,1.4544,4.03E+10,0.872455,8.844495,1.081513,0.038067,8.920057,0.008459,,
457,333.27493,1.406972,4.93E+10,0.822696,4.285218,0.192186,0.02274,8.491838,0.028973,,
460,333.26145,1.462814,1.55E+10,0.873382,5.281475,0.526517,0.052735,8.740276,0.024251,,
466,334.62361,1.197114,2.25E+10,0.841794,3.921388,0.709759,0.08293,8.814942,0.028544,,
468,334.60881,1.273146,5.66E+10,0.834774,9.32048,0.41121,0.030281,8.679392,0.017858,,
471,334.5893,1.231839,2.94E+10,0.885343,7.876561,0.328562,0.045193,8.624679,0.035487,,
474,334.57905,1.257861,1.33E+10,0.895427,6.520277,0.146415,0.034831,8.424319,0.065392,,
479,334.55342,1.218763,8.57E+09,0.930024,19.722862,0.074731,0.017778,8.260056,0.067913,,
480,334.55829,1.174974,5.98E+09,0.843616,2.636572,0.144472,0.051253,8.419642,0.107281,,
482,335.09448,1.205271,1.76E+10,0.800958,4.284056,0.354347,0.025264,8.644474,0.017688,,
483,335.09598,1.254481,4.80E+09,0.914207,18.886892,0.105396,0.013242,8.342513,0.03262,,
487,335.1133,1.261121,4.42E+10,0.92759,20.811785,0.275546,0.015859,8.58104,0.014004,,
493,335.16194,1.261809,3.35E+09,0.961027,4.475043,0.189484,0.072655,8.486755,0.126684,,
494,335.16344,1.278791,4.71E+10,0.923586,6.6841,0.113794,0.028358,8.364504,0.070764,,
496,335.17222,1.218498,8.34E+09,0.799714,4.619964,0.200633,0.021565,8.503192,0.027319,,
498,335.17812,1.189997,4.62E+10,0.995722,14.088221,0.290357,0.036875,8.593682,0.031899,,
500,333.28459,1.41405,1.60E+10,0.824579,10.731537,0.303428,0.012203,8.603456,0.009987,,
508,334.99401,1.226222,3.99E+10,0.824718,3.839997,0.367438,0.047694,8.651497,0.033493,,
509,334.9981,1.177401,1.18E+10,0.925489,11.004376,0.224979,0.015383,8.529486,0.017435,,
519,333.48105,0.92773,2.81E+09,0.910928,3.509413,0.289512,0.029806,8.593699,0.02553,,
520,333.49561,0.920368,1.45E+09,0.920533,4.223139,0.090689,0.025597,8.307687,0.084711,,
522,333.52568,0.909852,5.98E+09,0.823708,4.67519,0.128054,0.015553,8.39107,0.031271,,
530,333.53379,0.944572,2.92E+10,0.80742,4.790844,0.183372,0.016378,8.480236,0.022696,,
532,334.94459,0.359844,8.34E+09,0.809154,1.434159,0.125543,0.05755,8.387267,0.144736,,
534,334.71364,0.915632,2.30E+10,0.840097,4.494084,0.186917,0.020784,8.485012,0.02846,,
536,334.67423,0.966867,5.26E+10,0.901272,14.4774,0.167437,0.01748,8.456037,0.026459,,
537,334.66627,0.968917,2.86E+10,0.819011,14.980385,0.573863,0.016874,8.762368,0.007419,,
539,334.96317,0.428393,7.19E+09,0.991857,5.000637,0.106953,0.031063,8.347847,0.091859,,
540,334.88505,0.35029,1.62E+10,0.876556,2.70944,0.830985,0.085045,8.854223,0.026222,,
542,334.90832,0.335392,2.84E+09,0.832809,3.372627,0.26377,0.024173,8.568936,0.022044,,
545,34.498042,-4.720136,1.62E+10,0.832981,1.857539,0.439253,0.088274,8.694906,0.052573,,
549,34.516025,-4.742606,2.15E+10,0.840883,5.780399,0.569207,0.022059,8.760558,0.009713,,
552,34.527929,-4.711201,1.08E+10,0.840482,3.338513,0.121368,0.024244,8.379361,0.051744,,
553,34.530025,-4.928184,1.36E+10,0.832713,11.723257,0.376451,0.01302,8.65746,0.008155,,
556,34.557654,-5.025086,1.69E+10,0.838423,6.089325,0.517045,0.042387,8.735996,0.02031,,
557,34.564271,-4.996093,1.33E+10,0.589536,0.768211,0.192236,0.083347,8.492661,0.162379,,
567,34.617867,-5.079322,9.75E+09,0.839186,8.363116,0.227095,0.018917,8.53445,0.020776,,
573,34.875246,-4.722936,2.97E+10,0.843691,4.73912,0.257995,0.020539,8.566004,0.019573,,
579,34.254654,-4.98226,4.80E+09,0.834886,10.820795,0.059467,0.014739,8.199642,0.064403,,
582,34.278554,-4.958976,1.71E+10,1.022187,9.944018,0.559281,0.030201,8.756741,0.013279,,
589,34.415788,-4.997257,7.13E+09,0.844752,4.750047,0.310316,0.02872,8.609443,0.022984,,
596,34.465238,-4.867046,1.86E+09,0.841283,5.949904,0.104918,0.037346,8.341848,0.116232,,
600,34.578587,-5.024403,6.44E+09,0.824523,18.749876,0.092287,0.011541,8.311506,0.031425,,
602,34.534921,-5.004681,4.26E+10,0.959566,8.37815,0.462254,0.020633,8.709263,0.01106,,
604,34.448571,-4.995547,4.46E+09,0.919277,2.501341,0.030587,0.036146,8.085158,0.251111,,
606,34.212471,-4.981209,1.56E+10,1.03655,6.126275,0.299161,0.035213,8.600742,0.030202,,
610,34.47605,-4.91845,9.75E+09,0.842833,3.587889,0.515292,0.031037,8.736544,0.015008,,
617,34.599429,-4.771468,5.41E+10,0.873573,3.181971,0.3662,0.093575,8.649817,0.072164,,
619,34.324004,-5.202332,9.93E+09,0.912777,15.643952,0.310866,0.041358,8.611731,0.033624,,
622,34.642971,-5.040231,1.69E+09,0.914298,8.106797,0.168551,0.022163,8.457077,0.033114,,
624,34.501475,-5.033632,1.95E+10,0.825039,7.239193,0.285852,0.01791,8.588897,0.015855,,
630,34.674237,-5.010254,1.62E+10,0.874947,15.320509,0.481276,0.014377,8.718983,0.007232,,
632,34.671363,-4.994217,9.75E+09,0.920112,6.086005,0.343638,0.043049,8.632828,0.032866,,
634,34.855792,-4.763236,2.09E+10,0.70758,1.908639,0.139829,0.057194,8.412207,0.130198,,
642,34.679012,-5.077047,7.89E+10,0.961122,14.703533,2.03845,0.072746,9.076896,0.008889,,
644,34.445233,-5.035283,3.51E+09,0.834273,5.146855,0.117695,0.029294,8.368936,0.070826,,
647,34.67175,-5.05803,4.14E+10,0.961699,12.568639,0.883523,0.047714,8.869296,0.013787,,
652,34.540229,-4.78215,6.04E+09,0.82771,14.114636,0.202602,0.010784,8.505629,0.013138,,
653,34.875613,-4.762981,1.06E+10,0.867842,6.5904,0.283049,0.016487,8.587683,0.014461,,
658,34.304654,-5.037246,4.10E+09,0.918596,3.944262,0.03161,0.045387,8.13529,0.255348,,
661,34.367475,-4.994046,1.71E+09,0.957975,12.49959,0.112328,0.019599,8.360421,0.043073,,
662,34.3156,-4.973164,2.94E+10,0.835435,11.736306,0.32557,0.01849,8.622457,0.014432,,
667,34.275971,-4.751386,3.74E+09,0.815637,9.425403,0.151214,0.050462,8.430979,0.105396,,
673,34.647096,-4.759767,6.38E+09,0.88036,14.042923,0.052821,0.030857,8.184613,0.17776,,
675,34.818613,-4.742189,3.08E+10,0.879473,10.815352,0.652902,0.018625,8.794589,0.007141,,
676,34.826667,-4.741836,3.78E+10,0.938208,2.937914,0.070303,0.044654,8.245121,0.185467,,
679,34.841704,-4.670715,6.32E+09,0.887607,21.484438,0.120432,0.010416,8.375326,0.020882,,
680,34.843433,-4.738903,3.29E+10,0.962579,7.329165,0.355929,0.022339,8.645553,0.015278,,
686,34.902396,-4.729701,1.29E+10,0.827618,4.597587,0.329586,0.035515,8.622274,0.026599,,
687,34.902042,-4.682531,6.62E+09,0.933572,4.282073,0.465625,0.066376,8.710947,0.037248,,
688,34.907892,-4.699552,4.75E+09,0.802054,5.284357,0.298516,0.046976,8.599718,0.040447,,
690,34.483792,-4.769275,7.33E+09,0.837697,21.509146,0.062533,0.009154,8.215022,0.035521,,
691,34.50365,-4.730183,1.76E+10,0.883391,14.519677,0.317032,0.014292,8.615893,0.011321,,
701,34.831104,-4.866642,1.93E+10,0.89933,20.251162,0.330463,0.01016,8.625966,0.007644,,
712,34.614312,-5.042339,1.98E+10,0.96339,5.429416,0.385163,0.042372,8.663901,0.028292,,
714,34.652538,-5.031977,3.99E+09,0.961226,8.149848,0.025672,0.025047,8.039608,0.23467,,
715,34.505767,-4.891007,7.96E+09,0.840183,7.356943,0.221796,0.043865,8.529556,0.051264,,
718,34.568008,-4.776403,5.31E+10,0.867606,10.188204,0.126144,0.045723,8.390039,0.108276,,
719,34.359933,-5.002593,6.04E+09,0.807178,2.359678,0.290637,0.042282,8.59386,0.037138,,
730,34.283667,-4.823649,7.82E+09,0.895037,10.953209,0.222589,0.025337,8.527371,0.028965,,
731,34.198508,-4.79358,6.32E+09,0.800974,2.343409,0.251306,0.076871,8.560162,0.08233,,
734,34.20855,-5.022291,4.46E+09,0.835278,6.171216,0.090454,0.025971,8.30641,0.082652,,
736,34.27955,-5.009954,1.48E+10,0.894654,3.09028,0.14598,0.101542,8.436635,0.206752,,
738,34.317654,-5.035242,7.96E+09,0.822819,6.266131,0.431394,0.029624,8.692461,0.017761,,
740,34.327379,-5.044373,3.92E+10,0.822302,20.530279,0.50478,0.028637,8.730325,0.014207,,
741,34.338471,-4.987074,1.03E+10,0.958943,7.848311,0.872883,0.119641,8.864632,0.035255,,
742,34.341433,-5.063681,6.68E+09,0.80425,10.623498,0.159072,0.024464,8.444461,0.041054,,
743,34.872433,-4.869362,1.12E+10,0.960991,6.391927,0.203179,0.011413,8.505247,0.013978,,
127,150.34393,2.153104,1.40E+10,0.848445,0,0.55177,0.06946,8.752727,0.03386,,
513,335.02264,1.193518,6.44E+10,0.827622,0,1.063261,0.041498,8.915241,0.009524,,
96,53.255646,-27.682444,7.01E+09,1.610921,7.853166,0.118165,0.026769,8.371851,0.059442,,
290,34.68954,-4.971954,7.27E+09,1.557485,3.958166,0.078561,0.047218,8.272293,0.194884,,
268,34.577436,-5.079694,1.28E+09,1.487301,7.390222,0.050518,0.020959,8.157866,0.119999,,
148,149.97642,2.348811,9.83E+09,1.459794,12.250195,0.166457,0.018617,8.455603,0.028415,,
155,149.869,2.049019,1.41E+09,1.478057,8.015445,0.188651,0.020493,8.488446,0.027518,,
116,149.91187,2.302614,1.20E+10,1.455253,20.0693,0.448456,0.024165,8.701886,0.013502,,
165,149.85469,2.115116,1.39E+11,1.482433,107.822138,0.569873,0.030651,8.761239,0.012921,,
194,150.25428,2.358264,3.94E+09,1.475446,23.177026,0.113472,0.009376,8.360731,0.020959,,
272,34.368868,-5.229222,5.15E+09,1.462096,18.392819,0.094349,0.010384,8.315642,0.027627,,
133,149.96031,2.133347,4.83E+09,1.454345,172.237874,0.150501,0.007103,8.431122,0.012043,,
198,150.19258,2.318389,1.71E+10,1.599045,25.746281,0.267674,0.01069,8.573232,0.009929,,
113,149.87876,2.314733,3.89E+10,1.549532,34.982425,0.491654,0.013251,8.723998,0.006651,,
78,53.244921,-27.678772,7.18E+09,1.540753,19.725894,0.054379,0.011135,8.181133,0.051801,,
163,149.78611,2.084793,3.66E+09,1.480136,15.794971,0.239725,0.016565,8.546535,0.01687,,
292,34.726554,-4.962433,3.46E+09,1.480182,14.911815,0.040594,0.013688,8.108686,0.105978,,
269,34.542723,-5.073307,3.87E+09,1.478554,46.956144,0.037079,0.01439,8.087523,0.111468,,
16,52.95985,-27.857442,1.01E+10,1.38783,14.255063,0.233083,0.013025,8.53969,0.013829,,
252,149.90198,2.358,5.64E+09,1.466258,14.412822,0.128884,0.017322,8.393537,0.03393,,
187,150.10574,2.458802,3.37E+09,1.584786,49.616087,0.23918,0.015609,8.5457,0.016183,,
107,149.88614,2.260838,5.33E+09,1.508038,17.653401,0.270972,0.018106,8.57669,0.017139,,
214,150.10157,2.219128,2.06E+09,1.502539,36.855784,0.062811,0.006376,8.213989,0.025485,,
82,53.187779,-27.695133,4.06E+09,1.617674,4.956222,0.053399,0.016165,8.181242,0.086949,,
196,150.194,2.354472,1.73E+10,1.708471,36.897167,0.36428,0.010144,8.649935,0.006863,,
253,149.929,2.362528,1.88E+11,1.532943,175.77209,0.465408,0.011285,8.711146,0.006148,,
188,150.12404,2.447583,6.95E+10,1.599545,50.542758,0.43884,0.012481,8.696341,0.00677,,
8,53.141154,-27.701081,1.24E+11,1.608142,13.485657,0.763122,0.024807,8.832767,0.008206,,
103,149.89145,2.32732,1.03E+11,1.452904,60.093186,0.399728,0.029129,8.673697,0.018151,,
237,150.08609,2.304389,3.61E+10,1.339408,12.843483,0.352756,0.017722,8.642441,0.012407,,
205,150.23312,2.318528,5.74E+09,1.741083,19.96561,0.1487,0.012981,8.427203,0.022457,,
193,150.18764,2.322496,1.70E+11,1.527115,34.397463,0.520804,0.014138,8.738687,0.006811,,
289,34.658974,-4.974841,3.86E+09,1.482664,17.273001,0.044726,0.010784,8.13442,0.066323,,
49,53.221433,-27.970339,1.82E+10,1.729246,14.509995,0.236214,0.032905,8.542342,0.036005,,
75,53.058542,-27.856778,4.12E+10,1.221455,23.761615,0.696955,0.061001,8.809731,0.022176,,
21,52.928738,-27.827108,1.36E+10,1.53704,21.543287,0.157877,0.017518,8.443977,0.028142,,
243,149.87391,2.36239,6.50E+09,1.501471,26.698511,0.021414,0.012404,7.961599,0.1879,,
189,150.09392,2.40925,4.21E+09,1.678903,6.24279,0.167819,0.036029,8.455582,0.057295,,
267,34.604139,-5.081811,8.94E+09,1.521081,39.147878,0.269868,0.03685,8.574969,0.034177,,
261,34.577978,-5.019595,7.99E+09,1.485981,5.758266,0.271708,0.042436,8.574615,0.039472,,
31,53.155721,-27.837117,4.84E+09,1.389219,24.144046,0.134917,0.015988,8.405116,0.029253,,
242,149.83649,2.37024,9.39E+09,1.553817,10.203377,0.264705,0.02125,8.570824,0.019651,,
244,149.85874,2.355771,9.98E+09,1.502183,23.109869,0.225138,0.008567,8.531109,0.009335,,
109,149.91918,2.351154,1.49E+10,1.635963,23.133601,0.187633,0.018659,8.485902,0.024735,,
105,149.83382,2.282649,3.31E+10,1.48674,30.482985,0.274128,0.017791,8.578969,0.016532,,
142,150.00107,2.321449,6.03E+10,1.459688,16.460857,0.337805,0.015122,8.631627,0.011254,,
223,150.15177,2.210186,2.94E+09,1.339184,6.228868,0.110942,0.020898,8.357311,0.04804,,
170,150.11515,2.306881,7.48E+09,1.515197,44.580913,0.164956,0.006991,8.453063,0.010989,,
264,34.542681,-5.006718,9.96E+09,1.45641,4.369097,0.484688,0.04327,8.721175,0.022097,,
104,149.86498,2.316179,1.49E+10,1.620644,54.48611,0.08898,0.020968,8.303778,0.065422,,
277,34.379359,-5.156917,9.84E+10,1.81867,20.612984,0.357569,0.056771,8.644872,0.040325,,
270,34.409423,-5.257605,3.06E+10,1.335891,10.490914,0.320824,0.0161,8.618892,0.012925,,
38,53.178075,-27.792742,6.91E+10,1.426976,136.154732,0.568447,0.044434,8.759727,0.019429,,
282,34.645384,-5.026656,6.33E+09,1.318973,11.765688,0.141392,0.014783,8.41555,0.026247,,
281,34.714488,-5.028967,3.50E+10,1.483807,17.127976,0.597704,0.031876,8.771608,0.013198,,
43,53.029129,-27.766606,6.41E+10,1.328045,44.55364,0.67145,0.026288,8.801421,0.009362,,
258,34.526246,-5.026272,3.65E+10,1.485559,27.485611,0.30493,0.019756,8.605831,0.015617,,
186,150.13835,2.434125,7.06E+09,1.589354,14.34232,0.277125,0.015559,8.581088,0.01432,,
147,149.96541,2.340699,5.44E+10,1.458669,17.622423,0.391775,0.011102,8.668404,0.007038,,
88,53.217996,-27.761619,4.90E+10,1.367963,119.768644,0.359431,0.007866,8.646846,0.005522,,
161,149.88442,2.069309,1.16E+10,1.488236,10.439851,0.300836,0.012677,8.602879,0.010775,,
218,150.11679,2.172889,3.12E+09,1.573207,11.853934,0.104716,0.014327,8.341577,0.033975,,
118,149.9181,2.316389,2.36E+10,1.460633,31.62893,0.011903,0.021275,7.932356,0.241308,,
257,34.525091,-5.057237,1.60E+11,1.458003,34.397304,0.127244,0.030239,8.392712,0.058258,,
134,149.95785,2.134337,2.42E+10,1.473207,35.04605,0.171425,0.011176,8.463247,0.015886,,
13,53.008779,-27.878433,7.97E+09,1.358022,21.841544,0.15996,0.011626,8.446535,0.018359,,
207,150.19838,2.390972,6.16E+09,1.437511,30.284457,0.22427,0.01226,8.529891,0.013782,,
274,34.385545,-5.20501,4.52E+11,1.379111,155.496591,0.688334,0.012719,8.807671,0.004551,,
135,149.96965,2.135727,1.89E+10,1.486285,28.787352,0.250634,0.0176,8.556654,0.017005,,
265,34.608791,-4.996253,1.23E+11,1.764043,79.492214,0.390716,0.03657,8.666313,0.023085,,
245,149.86983,2.354722,7.24E+09,1.530588,14.09359,0.146511,0.015106,8.423243,0.026731,,
294,34.699382,-4.948274,3.96E+09,1.485368,4.996279,0.03559,0.022984,8.092144,0.183489,,
211,150.12117,2.232,2.53E+09,1.445131,8.111096,0.196523,0.024797,8.495099,0.032657,,
114,149.89698,2.258949,1.12E+11,1.587658,53.015877,0.410676,0.037484,8.678714,0.022712,,
195,150.20575,2.32925,9.92E+09,1.53892,15.105238,0.126732,0.01058,8.388288,0.020209,,
28,53.124679,-27.842197,7.79E+09,1.389831,6.867535,0.12247,0.022891,8.381171,0.049901,,
221,150.15795,2.172473,7.56E+09,1.326969,6.368253,0.407423,0.029398,8.677612,0.018523,,
262,34.550972,-5.019874,1.23E+10,1.469812,35.613107,0.274644,0.017271,8.579488,0.015993,,
278,34.704574,-5.052042,6.25E+09,1.420545,66.666881,0.18445,0.011897,8.480345,0.016061,,
283,34.728311,-5.017973,6.72E+10,1.474019,20.917929,0.504622,0.02308,8.730687,0.011048,,
51,53.190037,-27.969844,7.16E+09,1.329443,22.978169,0.065909,0.008389,8.225925,0.032081,,
295,53.022058,-27.777508,1.18E+11,1.356948,23.874295,0.388424,0.012314,8.6666,0.008077,,
66,53.039438,-27.922903,2.40E+10,1.358957,76.222583,0.175247,0.009477,8.470036,0.013128,,
68,53.072287,-27.898008,5.79E+09,1.359083,40.089708,0.25966,0.016379,8.566959,0.016294,,
158,149.85694,2.049361,4.72E+10,1.328713,4.918713,0.073243,0.018407,8.251382,0.066627,,
12,53.127121,-27.675111,1.08E+11,1.357996,16.774959,0.38058,0.023571,8.661549,0.015659,,
127,149.91109,2.087811,5.73E+10,1.328845,71.106142,0.290229,0.012192,8.593635,0.010224,,
52,53.256529,-27.947272,2.10E+11,1.583157,263.586582,0.347179,0.011439,8.637705,0.008099,,
92,53.278296,-27.77405,1.29E+10,1.704802,31.875037,0.228155,0.016508,8.534302,0.017094,,
23,52.929392,-27.813992,7.81E+09,1.548989,23.94991,0.072277,0.01856,8.248385,0.066994,,
266,34.565339,-5.08622,5.31E+10,1.494808,55.515786,0.338672,0.009753,8.632152,0.007114,,
143,149.97033,2.328349,6.05E+10,1.46173,8.246488,0.514964,0.024013,8.735686,0.011841,,
35,53.082471,-27.810867,1.71E+10,1.357267,17.080493,0.311621,0.025253,8.611628,0.019824,,
271,34.426673,-5.251614,1.30E+10,1.340073,24.749108,0.10004,0.017459,8.328807,0.04609,,
296,150.08475,2.355349,1.15E+10,1.52603,16.086924,0.294969,0.020045,8.598326,0.016102,,
199,150.15129,2.354861,7.53E+09,1.65588,75.632877,0.205199,0.005579,8.507892,0.006832,,
73,53.084075,-27.877317,2.18E+10,1.552458,32.684417,0.399817,0.024845,8.673428,0.015147,,
174,150.14319,2.348796,1.04E+11,1.414152,181.048812,0.346527,0.013153,8.638347,0.008948,,
284,34.710017,-5.012652,1.79E+10,1.480365,12.853012,0.33479,0.016028,8.62851,0.012255,,
153,149.89002,2.033478,9.07E+09,1.509882,12.363249,0.242329,0.016504,8.550508,0.016971,,
119,149.91893,2.333872,2.60E+09,1.617139,15.226884,0.1423,0.026244,8.416563,0.049014,,
77,53.073313,-27.832339,1.21E+10,1.568639,32.637685,0.525688,0.0209,8.741136,0.009705,,
76,53.0468,-27.851972,1.73E+10,1.518342,13.51368,0.149521,0.021109,8.43009,0.036176,,
171,150.11012,2.324565,2.00E+10,1.339879,27.619294,0.430033,0.025029,8.691214,0.014727,,
173,150.08344,2.34067,9.09E+09,1.314518,3.403796,0.249785,0.022766,8.557168,0.022371,,
132,149.93524,2.122879,4.29E+09,1.475003,29.321617,0.179863,0.013827,8.47615,0.019055,,
234,150.09254,2.324472,3.45E+09,1.40424,23.46453,0.196219,0.009224,8.496274,0.012181,,
64,53.046083,-27.942611,1.35E+10,1.600239,41.479673,0.189133,0.013631,8.487843,0.017686,,
59,53.187746,-27.879622,5.41E+09,1.460511,15.200875,0.070148,0.014987,8.240659,0.056361,,
44,53.026179,-27.752272,5.95E+09,1.327212,8.038189,0.298044,0.020388,8.600764,0.016678,,
7,53.141942,-27.724542,1.38E+10,1.599491,42.888817,0.046137,0.008332,8.140557,0.047481,,
215,150.11148,2.206544,2.29E+10,1.457988,15.044094,0.43866,0.043588,8.697083,0.024311,,
72,53.092096,-27.879153,4.36E+10,1.540335,28.409065,0.491217,0.024783,8.724641,0.012853,,
83,53.182617,-27.720197,8.05E+09,1.341031,3.063038,0.151036,0.0302,8.430555,0.056787,,
293,34.712707,-4.956511,6.82E+10,1.483202,45.881332,0.32094,0.010017,8.618535,0.007586,,
39,53.104296,-27.788383,1.05E+10,1.356364,22.0088,0.455383,0.034534,8.704462,0.018752,,
17,52.995237,-27.850647,2.02E+10,1.569446,43.177746,0.30032,0.012313,8.601871,0.010144,,
117,149.89555,2.305783,1.65E+10,1.630732,88.184357,0.156815,0.008184,8.441975,0.013023,,
210,150.1504,2.238412,7.59E+09,1.695037,23.214216,0.146199,0.044609,8.421524,0.096943,,
228,150.11568,2.306505,4.21E+08,1.515711,7.086551,0.222268,0.025421,8.529145,0.027853,,
226,150.1096,2.274285,6.88E+10,1.5162,25.364599,0.390296,0.019592,8.667085,0.012729,,
69,53.0246,-27.888614,1.51E+10,1.614072,11.884851,0.55255,0.042245,8.75267,0.019777,,
299,150.14766,2.349889,1.50E+10,1.538491,13.918906,0.323032,0.014036,8.620612,0.010765,,
63,53.030379,-27.942367,1.01E+10,1.552585,20.81298,0.191159,0.02589,8.491497,0.033311,,
144,150.00314,2.329995,2.53E+10,1.465336,19.41017,0.475859,0.013196,8.715816,0.00713,,
138,150.00362,2.280875,2.03E+09,1.678033,4.761447,0.111952,0.047669,8.364434,0.128577,,
45,53.045871,-27.749775,4.14E+10,1.554434,26.378846,0.273335,0.013748,8.579086,0.012637,,
162,149.79523,2.08051,6.45E+09,1.585828,20.055276,0.131027,0.020518,8.395831,0.041174,,
74,53.057417,-27.867425,1.33E+10,1.518328,19.231149,0.21798,0.026937,8.523063,0.031226,,
20,53.046333,-27.827336,3.56E+09,1.352824,14.555654,0.148169,0.010804,8.426792,0.017844,,
152,149.80604,2.03014,1.49E+10,1.330788,9.774675,0.166402,0.019776,8.455869,0.029122,,
287,34.717797,-5.004396,1.83E+10,1.473686,16.887051,0.116322,0.014232,8.364116,0.030828,,
60,53.224192,-27.879719,2.92E+10,1.497947,19.79724,0.378064,0.021344,8.659252,0.01386,,
6,53.132621,-27.732275,1.33E+11,1.548946,90.655331,0.47918,0.014332,8.717874,0.00737,,
140,150.03182,2.312285,9.05E+09,1.462573,13.430982,0.305791,0.017611,8.606646,0.014715,,
40,53.144496,-27.779028,2.05E+10,1.553235,44.286448,0.316485,0.029939,8.615009,0.02262,,
200,150.15363,2.358389,2.04E+10,1.708473,93.079303,0.279333,0.007496,8.584357,0.006808,,
32,53.070583,-27.834461,1.17E+10,1.613508,54.392715,0.251458,0.018962,8.558064,0.018918,,
238,149.89603,2.410333,3.53E+09,1.734524,15.33336,0.127413,0.038435,8.390779,0.092034,,
106,149.8431,2.269655,5.92E+09,1.589105,15.46824,0.102516,0.033221,8.332554,0.084531,,
22,52.955846,-27.818042,5.77E+10,1.728838,88.844972,0.185774,0.011716,8.481907,0.016122,,
27,53.089679,-27.844592,1.33E+10,1.540294,7.350964,0.342601,0.044737,8.635739,0.032533,,
157,149.83552,2.048693,1.11E+10,1.482631,16.967915,0.240784,0.022069,8.546928,0.022575,,
168,150.07908,2.301744,1.53E+10,1.464131,28.496471,0.050672,0.016573,8.165089,0.103631,,
9,53.048142,-27.696286,6.53E+09,1.473621,31.336301,0.083602,0.013651,8.28583,0.042553,,
298,149.8906,2.322645,5.54E+09,1.617542,18.499825,0.116865,0.011502,8.369576,0.024669,,
123,149.99596,2.056759,6.15E+09,1.360624,5.110058,0.602225,0.045274,8.773484,0.017993,,
36,53.172154,-27.805858,2.69E+09,1.318225,6.437851,0.071897,0.031016,8.252718,0.149801,,
18,53.028467,-27.848714,3.81E+09,1.539548,12.758018,0.100381,0.020342,8.328831,0.052421,,
4,53.105238,-27.758028,1.57E+10,1.612453,15.640268,0.111255,0.035071,8.349509,0.093394,,
212,150.12598,2.242607,3.71E+10,1.64216,45.114806,0.560567,0.024287,8.756395,0.010354,,
151,149.85771,2.02511,7.32E+09,1.769042,10.066367,0.182051,0.032094,8.47669,0.045776,,
197,150.181,2.388306,1.90E+10,1.638428,23.233908,0.410343,0.011425,8.679783,0.006834,,
297,150.16422,2.301083,1.82E+10,1.605636,19.468758,0.308254,0.016861,8.608189,0.013925,,
240,149.87538,2.390167,1.58E+10,1.465851,8.736146,0.265984,0.014669,8.571244,0.01352,,
56,53.220837,-27.909744,2.31E+10,1.615149,44.444281,0.344745,0.02415,8.637094,0.016968,,
159,149.86255,2.051373,1.01E+10,1.32617,28.918028,0.164895,0.01313,8.453819,0.020109,,
154,149.83414,2.045349,4.30E+09,1.481826,8.231543,0.243935,0.020885,8.551306,0.02117,,
201,150.21362,2.296306,1.16E+10,1.526292,19.507119,0.186549,0.011245,8.483613,0.014884,,
84,53.195858,-27.723658,3.77E+10,1.342262,32.49781,0.405191,0.018146,8.676084,0.011311,,
93,53.278517,-27.758478,1.57E+10,1.337038,9.895099,0.200646,0.009713,8.502087,0.012197,,
247,149.89604,2.336921,1.03E+10,1.452682,6.545827,0.112512,0.017849,8.357757,0.040725,,
85,53.213754,-27.733406,2.66E+10,1.341878,8.348206,0.219312,0.013094,8.524612,0.014706,,
249,149.90883,2.326456,2.65E+10,1.527407,21.803793,0.375085,0.020813,8.658107,0.013434,,
91,53.265129,-27.770419,8.51E+09,1.380379,20.941187,0.139584,0.008923,8.412847,0.016229,,
145,149.98472,2.333243,2.96E+09,1.565156,25.213163,0.062697,0.008616,8.213573,0.03505,,
230,150.10054,2.319243,3.06E+09,1.518773,6.997528,0.090035,0.025136,8.305248,0.085119,,
208,150.19934,2.327389,8.60E+09,1.616251,10.057643,0.275501,0.018321,8.581961,0.016925,,
156,149.82436,2.047525,2.18E+10,1.479041,7.963596,0.437896,0.022669,8.696287,0.013283,,
149,149.86499,2.016252,2.72E+10,1.377936,29.046474,0.313135,0.027698,8.613517,0.02222,,
128,149.95771,2.106178,9.67E+10,1.492468,24.246742,0.367015,0.063594,8.651351,0.046315,,
5,53.132908,-27.745792,4.15E+10,1.613354,47.397819,0.13685,0.017969,8.40825,0.033218,,
222,150.14744,2.203254,5.41E+09,1.340406,2.470015,0.007653,0.065772,8.145639,0.264981,,
19,53.052063,-27.839053,4.21E+09,1.333796,22.973841,0.07438,0.015753,8.257957,0.055523,,
126,149.96164,2.080531,3.32E+10,1.520176,95.915916,0.321623,0.025063,8.618919,0.019297,,
79,53.238625,-27.688569,9.51E+09,1.590005,23.259643,0.179883,0.017238,8.474645,0.02411,,
273,34.386248,-5.221248,3.54E+10,1.467906,40.395692,0.178766,0.007628,8.473066,0.010843,,
139,149.94206,2.308177,2.08E+10,1.454221,31.643483,0.315338,0.01339,8.61476,0.010556,,
62,53.190446,-27.872114,1.25E+10,1.345998,29.786735,0.215911,0.021725,8.52041,0.024627,,
48,53.210033,-27.974697,8.82E+09,1.630819,83.051516,0.087231,0.01302,8.298765,0.03844,,
125,149.94811,2.077366,5.69E+09,1.526742,10.576365,0.178701,0.025714,8.473364,0.038512,,
47,52.960529,-27.721753,8.19E+09,1.578585,31.079399,0.131105,0.015414,8.397879,0.029903,,
124,149.92436,2.061287,8.46E+10,1.49026,75.79384,0.299225,0.028356,8.601544,0.023665,,
55,53.226729,-27.913544,2.08E+09,1.364734,5.166136,0.072844,0.02791,8.247712,0.126221,,
29,53.1418,-27.841339,4.76E+10,1.383618,184.803953,0.275307,0.014115,8.581257,0.01281,,
129,149.94645,2.107616,2.00E+10,1.489353,15.622887,0.05275,0.015446,8.168193,0.081349,,
192,150.21212,2.312528,3.95E+09,1.52681,14.599497,0.148323,0.020224,8.428952,0.03277,,
54,53.178754,-27.919981,5.60E+09,1.352539,11.710966,0.070582,0.010803,8.243361,0.041597,,
2,53.065608,-27.767825,6.55E+10,1.539279,57.46782,0.369765,0.01283,8.653355,0.008842,,
46,53.049467,-27.736994,4.96E+10,1.327423,73.620602,0.166121,0.009188,8.456096,0.013811,,
87,53.206212,-27.760194,8.73E+09,1.586689,4.238044,0.04258,0.022112,8.121198,0.17645,,
276,34.392471,-5.17128,3.10E+10,1.470976,54.108019,0.128991,0.008032,8.393086,0.015651,,
90,53.24095,-27.748844,3.43E+09,1.57053,23.888824,0.062799,0.012804,8.212997,0.050413,,
141,150.02491,2.312876,2.86E+10,1.461742,19.647811,0.369074,0.017444,8.653639,0.011611,,
53,53.254783,-27.923578,3.33E+10,1.632131,66.462166,0.149875,0.01221,8.430556,0.020232,,
108,149.91232,2.281616,6.43E+10,1.551093,68.141501,0.359353,0.022061,8.646538,0.015252,,
33,53.154579,-27.828039,1.44E+10,1.568702,35.045286,0.100729,0.023806,8.331528,0.063502,,
160,149.89944,2.067454,6.72E+09,1.327834,9.636491,0.351176,0.016864,8.640831,0.012111,,
101,149.87059,2.243191,4.50E+10,1.476754,45.750814,0.329121,0.01575,8.625117,0.012758,,
14,53.020279,-27.875369,2.72E+10,1.401626,19.425764,0.262582,0.0159,8.568609,0.015263,,
251,149.91411,2.354779,9.09E+09,1.581274,24.743554,0.243289,0.014678,8.549575,0.014383,,
177,150.13628,2.355372,9.11E+09,1.335642,8.524445,0.148191,0.019513,8.42834,0.03288,,
26,52.982104,-27.774989,5.46E+09,1.331728,8.744671,0.130879,0.011978,8.397418,0.022812,,
95,53.286792,-27.693847,6.07E+10,1.335772,88.541503,0.612274,0.011803,8.778385,0.004893,,
204,150.21078,2.378333,6.62E+09,1.599728,33.732156,0.175993,0.010443,8.471416,0.015195,,
260,34.559091,-5.022345,2.94E+10,1.485457,21.677951,0.188618,0.015791,8.485853,0.021478,,
202,150.21658,2.36925,1.13E+10,1.59604,23.779777,0.237594,0.011028,8.544588,0.011573,,
191,150.08383,2.416389,2.16E+09,1.429881,6.375268,0.124108,0.031273,8.383454,0.069954,,
50,53.264113,-27.968428,1.10E+10,1.345557,30.792273,0.147832,0.01721,8.427683,0.029824,,
89,53.238388,-27.749839,4.32E+09,1.572291,11.244778,0.062203,0.010518,8.209969,0.045016,,
225,150.16913,2.235305,5.90E+09,1.656735,118.953618,0.102411,0.008801,8.336516,0.020972,,
61,53.222383,-27.873556,1.04E+10,1.551716,4.651917,0.120277,0.023125,8.374384,0.049684,,
241,149.8718,2.366945,5.66E+09,1.618901,16.328261,0.145913,0.014753,8.422711,0.025318,,
250,149.92513,2.3295,4.77E+09,1.439078,8.424696,0.248321,0.016716,8.554655,0.017248,,
115,149.90817,2.3006,1.12E+10,1.619751,46.038326,0.198456,0.014839,8.49866,0.019106,,
110,149.89164,2.348495,2.56E+10,1.525097,37.213294,0.239369,0.01236,8.545583,0.012734,,
150,149.83275,2.02432,7.10E+10,1.483179,26.291263,0.264271,0.013509,8.569577,0.01246,,
254,149.92386,2.372173,7.71E+09,1.532817,14.569664,0.058021,0.00864,8.195793,0.038854,,
11,53.156917,-27.680967,1.55E+10,1.550108,97.172317,0.143666,0.007152,8.419753,0.012108,,
286,34.666902,-5.004803,1.82E+10,1.421793,3.794931,0.120729,0.050846,8.377681,0.126876,,
136,150.02673,2.273618,3.87E+10,1.333741,2.834588,0.046858,0.036587,8.170329,0.208303,,
131,149.96552,2.117343,1.50E+10,1.235465,20.287544,0.534047,0.084131,8.743958,0.042397,,
30,53.131425,-27.8413,3.28E+11,1.612823,15.526332,0.487896,0.056592,8.722347,0.028872,,
